0;0;0;0;land;false;unknown;0
1;2;0;0;land;false;plains;1
2;3;0;0;land;false;plains;1
3;4;0;0;land;false;plains;1
4;5;0;0;land;false;plains;1
5;6;0;0;land;false;plains;1
6;7;0;0;land;false;plains;1
7;8;0;0;land;false;plains;1
8;9;0;0;land;false;plains;1
9;10;0;0;land;false;plains;1
10;11;0;0;land;false;plains;1
11;12;0;0;land;false;plains;1
12;13;0;0;land;false;plains;1
13;14;0;0;land;false;plains;1
14;15;0;0;land;false;urban;1
15;16;0;0;land;false;plains;1
16;17;0;0;land;false;plains;1
17;18;0;0;land;false;plains;1
18;19;0;0;land;false;plains;1
19;20;0;0;land;false;plains;1
20;21;0;0;land;false;plains;1
21;22;0;0;land;false;plains;1
22;23;0;0;land;false;plains;1
23;24;0;0;land;false;plains;1
24;25;0;0;land;false;plains;1
25;26;0;0;land;false;plains;1
26;27;0;0;land;false;plains;1
27;28;0;0;land;false;plains;1
28;29;0;0;land;false;plains;1
29;30;0;0;land;false;plains;1
30;31;0;0;land;false;plains;1
31;32;0;0;land;false;plains;1
32;33;0;0;land;false;plains;1
33;34;0;0;land;false;plains;1
34;35;0;0;land;false;plains;1
35;36;0;0;land;false;plains;1
36;37;0;0;land;false;plains;1
37;38;0;0;land;false;plains;1
38;39;0;0;land;false;plains;1
39;40;0;0;land;false;plains;1
40;41;0;0;land;false;plains;1
41;42;0;0;land;false;plains;1
42;43;0;0;land;false;marsh;1
43;44;0;0;land;false;marsh;1
44;45;0;0;land;false;marsh;1
45;46;0;0;land;false;marsh;1
46;47;0;0;land;false;plains;1
47;48;0;0;land;false;plains;1
48;49;0;0;land;false;plains;1
49;50;0;0;land;false;plains;1
50;51;0;0;land;false;plains;1
51;52;0;0;land;false;plains;1
52;53;0;0;land;false;plains;1
53;54;0;0;land;false;plains;1
54;55;0;0;land;false;plains;1
55;56;0;0;land;false;plains;1
56;57;0;0;land;false;plains;1
57;58;0;0;land;false;plains;1
58;59;0;0;land;false;plains;1
59;60;0;0;land;false;forest;1
60;61;0;0;land;false;forest;1
61;62;0;0;land;false;forest;1
62;63;0;0;land;false;plains;1
63;64;0;0;land;false;plains;1
64;65;0;0;land;false;plains;1
65;66;0;0;land;false;forest;1
66;67;0;0;land;false;forest;1
67;68;0;0;land;false;forest;1
68;69;0;0;land;false;forest;1
69;70;0;0;land;false;forest;1
70;71;0;0;land;false;hills;1
71;72;0;0;land;false;hills;1
72;73;0;0;land;false;hills;1
73;74;0;0;land;false;hills;1
74;75;0;0;land;false;plains;1
75;76;0;0;land;false;plains;1
76;77;0;0;land;false;marsh;1
77;78;0;0;land;false;forest;1
78;79;0;0;land;false;forest;1
79;80;0;0;land;false;forest;1
80;81;0;0;land;false;forest;1
81;82;0;0;land;false;forest;1
82;83;0;0;land;false;urban;1
83;84;0;0;land;false;forest;1
84;85;0;0;land;false;hills;1
85;86;0;0;land;false;mountain;1
86;87;0;0;land;false;hills;1
87;88;0;0;land;false;hills;1
88;89;0;0;land;false;forest;1
89;90;0;0;land;false;hills;1
90;91;0;0;land;false;forest;1
91;92;0;0;land;false;hills;1
92;93;0;0;land;false;mountain;1
93;94;0;0;land;false;hills;1
94;95;0;0;land;false;mountain;1
95;96;0;0;land;false;hills;1
96;97;0;0;land;false;mountain;1
97;98;0;0;land;false;hills;1
98;99;0;0;land;false;mountain;1
99;100;0;0;land;false;hills;1
100;101;0;0;land;false;plains;1
101;102;0;0;land;false;plains;1
102;103;0;0;land;false;plains;1
103;104;0;0;land;false;plains;1
104;105;0;0;land;false;forest;1
105;106;0;0;land;false;urban;1
106;107;0;0;land;false;desert;1
107;108;0;0;land;false;desert;1
108;109;0;0;land;false;desert;1
109;110;0;0;land;false;desert;1
110;111;0;0;land;false;desert;1
111;112;0;0;land;false;desert;1
112;113;0;0;land;false;desert;1
113;114;0;0;land;false;desert;1
114;115;0;0;land;true;desert;1
115;116;0;0;land;true;desert;1
116;117;0;0;land;true;desert;1
117;118;0;0;land;false;desert;1
118;119;0;0;land;false;desert;1
119;120;0;0;land;false;desert;1
120;121;0;0;land;false;desert;1
121;122;0;0;land;false;desert;1
122;123;0;0;land;false;desert;1
123;124;0;0;land;false;desert;1
124;125;0;0;land;false;desert;1
125;126;0;0;land;false;desert;1
126;127;0;0;land;true;desert;1
127;128;0;0;land;true;desert;1
128;129;0;0;land;true;desert;1
129;130;0;0;land;false;desert;1
130;131;0;0;land;false;desert;1
131;132;0;0;land;false;desert;1
132;133;0;0;land;false;desert;1
133;134;0;0;land;false;desert;1
134;135;0;0;land;false;desert;1
135;136;0;0;land;false;desert;1
136;137;0;0;land;false;desert;1
137;138;0;0;land;false;desert;1
138;139;0;0;land;false;desert;1
139;140;0;0;land;false;desert;1
140;141;0;0;land;false;desert;1
141;142;0;0;land;false;desert;1
142;143;0;0;land;false;desert;1
143;144;0;0;land;false;desert;1
144;145;0;0;land;false;desert;1
145;146;0;0;land;true;desert;1
146;147;0;0;land;true;desert;1
147;148;0;0;land;true;desert;1
148;149;0;0;land;false;desert;1
149;150;0;0;land;false;desert;1
150;151;0;0;land;false;desert;1
151;152;0;0;land;false;desert;1
152;153;0;0;land;false;desert;1
153;154;0;0;land;false;desert;1
154;155;0;0;land;false;desert;1
155;156;0;0;land;false;desert;1
156;157;0;0;land;false;desert;1
157;158;0;0;land;false;desert;1
158;159;0;0;land;false;desert;1
159;160;0;0;land;false;desert;1
160;161;0;0;land;false;desert;1
161;162;0;0;land;false;desert;1
162;163;0;0;land;true;desert;1
163;164;0;0;land;false;desert;1
164;165;0;0;land;true;desert;1
165;166;0;0;land;true;desert;1
166;167;0;0;land;true;desert;1
167;168;0;0;land;true;desert;1
168;169;0;0;land;true;desert;1
169;170;0;0;land;true;desert;1
170;171;0;0;land;false;urban;1
171;172;0;0;land;false;plains;1
172;173;0;0;land;false;plains;1
173;174;0;0;land;false;plains;1
174;175;0;0;land;false;desert;1
175;176;0;0;land;false;desert;1
176;177;0;0;land;false;desert;1
177;178;0;0;land;false;desert;1
178;179;0;0;land;false;desert;1
179;180;0;0;land;false;desert;1
180;181;0;0;land;false;plains;1
181;182;0;0;land;false;plains;1
182;183;0;0;land;false;plains;1
183;184;0;0;land;false;plains;1
184;185;0;0;land;false;desert;1
185;186;0;0;land;false;desert;1
186;187;0;0;land;false;desert;1
187;188;0;0;land;false;desert;1
188;189;0;0;land;false;desert;1
189;190;0;0;land;false;desert;1
190;191;0;0;land;false;plains;1
191;192;0;0;land;false;plains;1
192;193;0;0;land;false;plains;1
193;194;0;0;land;false;plains;1
194;195;0;0;land;false;desert;1
195;196;0;0;land;false;desert;1
196;197;0;0;land;false;desert;1
197;198;0;0;land;false;desert;1
198;199;0;0;land;false;desert;1
199;200;0;0;land;false;desert;1
200;201;0;0;land;false;plains;1
201;202;0;0;land;false;plains;1
202;203;0;0;land;false;plains;1
203;204;0;0;land;false;plains;1
204;205;0;0;land;false;plains;1
205;206;0;0;land;false;plains;1
206;207;0;0;land;false;plains;1
207;208;0;0;land;false;plains;1
208;209;0;0;land;false;desert;1
209;210;0;0;land;false;desert;1
210;211;0;0;land;false;desert;1
211;212;0;0;land;false;desert;1
212;213;0;0;land;false;desert;1
213;214;0;0;land;false;desert;1
214;215;0;0;land;false;plains;1
215;216;0;0;land;false;plains;1
216;217;0;0;land;false;plains;1
217;218;0;0;land;false;plains;1
218;219;0;0;land;false;plains;1
219;220;0;0;land;false;plains;1
220;221;0;0;land;false;plains;1
221;222;0;0;land;false;plains;1
222;223;0;0;land;false;plains;1
223;224;0;0;land;false;plains;1
224;225;0;0;land;false;plains;1
225;226;0;0;land;false;plains;1
226;227;0;0;land;false;desert;1
227;228;0;0;land;false;desert;1
228;229;0;0;land;false;desert;1
229;230;0;0;land;false;desert;1
230;231;0;0;land;false;plains;1
231;232;0;0;land;false;plains;1
232;233;0;0;land;false;plains;1
233;234;0;0;land;false;plains;1
234;235;0;0;land;false;plains;1
235;236;0;0;land;false;plains;1
236;237;0;0;land;false;plains;1
237;238;0;0;land;false;plains;1
238;239;0;0;land;false;plains;1
239;240;0;0;land;false;plains;1
240;241;0;0;land;false;plains;1
241;242;0;0;land;false;plains;1
242;243;0;0;land;false;desert;1
243;244;0;0;land;false;desert;1
244;245;0;0;land;false;desert;1
245;246;0;0;land;false;desert;1
246;247;0;0;land;false;desert;1
247;248;0;0;land;true;plains;1
248;249;0;0;land;true;plains;1
249;250;0;0;land;true;plains;1
250;251;0;0;land;true;plains;1
251;252;0;0;land;true;plains;1
252;253;0;0;land;true;plains;1
253;254;0;0;land;true;desert;1
254;255;0;0;land;true;desert;1
255;0;1;0;land;true;desert;1
256;1;1;0;land;false;desert;1
257;2;1;0;land;false;desert;1
258;3;1;0;land;false;desert;1
259;4;1;0;land;false;urban;1
260;5;1;0;land;false;plains;1
261;6;1;0;land;false;plains;1
262;7;1;0;land;false;plains;1
263;8;1;0;land;false;hills;1
264;9;1;0;land;false;hills;1
265;10;1;0;land;false;plains;1
266;11;1;0;land;false;plains;1
267;12;1;0;land;false;hills;1
268;13;1;0;land;false;hills;1
269;14;1;0;land;false;hills;1
270;15;1;0;land;false;hills;1
271;16;1;0;land;false;hills;1
272;17;1;0;land;false;hills;1
273;18;1;0;land;false;hills;1
274;19;1;0;land;true;mountain;1
275;20;1;0;land;true;hills;1
276;21;1;0;land;true;hills;1
277;22;1;0;land;true;hills;1
278;23;1;0;land;true;hills;1
279;24;1;0;land;false;hills;1
280;25;1;0;land;false;hills;1
281;26;1;0;land;false;plains;1
282;27;1;0;land;false;plains;1
283;28;1;0;land;false;plains;1
284;29;1;0;land;false;hills;1
285;30;1;0;land;false;plains;1
286;31;1;0;land;false;plains;1
287;32;1;0;land;false;plains;1
288;33;1;0;land;false;plains;1
289;34;1;0;land;false;hills;1
290;35;1;0;land;false;plains;1
291;36;1;0;land;false;plains;1
292;37;1;0;land;false;plains;1
293;38;1;0;land;false;plains;1
294;39;1;0;land;true;plains;1
295;40;1;0;land;true;plains;1
296;41;1;0;land;true;plains;1
297;42;1;0;land;true;plains;1
298;43;1;0;land;true;plains;1
299;44;1;0;land;false;plains;1
300;45;1;0;land;false;desert;1
301;46;1;0;land;false;desert;1
302;47;1;0;land;false;plains;1
303;48;1;0;land;false;desert;1
304;49;1;0;land;false;desert;1
305;50;1;0;land;false;plains;1
306;51;1;0;land;false;desert;1
307;52;1;0;land;false;desert;1
308;53;1;0;land;true;plains;1
309;54;1;0;land;true;desert;1
310;55;1;0;land;true;desert;1
311;56;1;0;land;true;forest;1
312;57;1;0;land;false;forest;1
313;58;1;0;land;false;forest;1
314;59;1;0;land;true;forest;1
315;60;1;0;land;false;forest;1
316;61;1;0;land;false;forest;1
317;62;1;0;land;true;forest;1
318;63;1;0;land;false;forest;1
319;64;1;0;land;false;forest;1
320;65;1;0;land;true;forest;1
321;66;1;0;land;false;forest;1
322;67;1;0;land;false;urban;1
323;68;1;0;land;false;forest;1
324;69;1;0;land;false;forest;1
325;70;1;0;land;false;forest;1
326;71;1;0;land;false;forest;1
327;72;1;0;land;false;forest;1
328;73;1;0;land;false;forest;1
329;74;1;0;land;false;forest;1
330;75;1;0;land;false;forest;1
331;76;1;0;land;false;forest;1
332;77;1;0;land;false;forest;1
333;78;1;0;land;false;forest;1
334;79;1;0;land;false;forest;1
335;80;1;0;land;false;forest;1
336;81;1;0;land;false;forest;1
337;82;1;0;land;false;forest;1
338;83;1;0;land;false;forest;1
339;84;1;0;land;false;forest;1
340;85;1;0;land;false;forest;1
341;86;1;0;land;false;forest;1
342;87;1;0;land;false;forest;1
343;88;1;0;land;false;forest;1
344;89;1;0;land;false;forest;1
345;90;1;0;land;false;forest;1
346;91;1;0;land;false;forest;1
347;92;1;0;land;false;forest;1
348;93;1;0;land;false;forest;1
349;94;1;0;land;false;forest;1
350;95;1;0;land;false;forest;1
351;96;1;0;land;false;forest;1
352;97;1;0;land;false;forest;1
353;98;1;0;land;false;forest;1
354;99;1;0;land;false;forest;1
355;100;1;0;land;false;forest;1
356;101;1;0;land;false;forest;1
357;102;1;0;land;false;forest;1
358;103;1;0;land;false;forest;1
359;104;1;0;land;false;forest;1
360;105;1;0;land;false;forest;1
361;106;1;0;land;false;forest;1
362;107;1;0;land;false;forest;1
363;108;1;0;land;false;forest;1
364;109;1;0;land;false;forest;1
365;110;1;0;land;false;urban;1
366;111;1;0;land;false;forest;1
367;112;1;0;land;false;forest;1
368;113;1;0;land;false;forest;1
369;114;1;0;land;false;forest;1
370;115;1;0;land;false;forest;1
371;116;1;0;land;false;forest;1
372;117;1;0;land;false;jungle;1
373;118;1;0;land;false;jungle;1
374;119;1;0;land;false;jungle;1
375;120;1;0;land;false;jungle;1
376;121;1;0;land;false;jungle;1
377;122;1;0;land;false;jungle;1
378;123;1;0;land;false;forest;1
379;124;1;0;land;false;forest;1
380;125;1;0;land;false;forest;1
381;126;1;0;land;false;forest;1
382;127;1;0;land;false;forest;1
383;128;1;0;land;false;forest;1
384;129;1;0;land;false;forest;1
385;130;1;0;land;false;forest;1
386;131;1;0;land;false;forest;1
387;132;1;0;land;false;jungle;1
388;133;1;0;land;false;jungle;1
389;134;1;0;land;false;jungle;1
390;135;1;0;land;false;jungle;1
391;136;1;0;land;false;jungle;1
392;137;1;0;land;false;jungle;1
393;138;1;0;land;false;forest;1
394;139;1;0;land;false;forest;1
395;140;1;0;land;false;forest;1
396;141;1;0;land;false;forest;1
397;142;1;0;land;false;forest;1
398;143;1;0;land;false;forest;1
399;144;1;0;land;false;forest;1
400;145;1;0;land;false;forest;1
401;146;1;0;land;false;forest;1
402;147;1;0;land;false;jungle;1
403;148;1;0;land;false;jungle;1
404;149;1;0;land;false;jungle;1
405;150;1;0;land;false;jungle;1
406;151;1;0;land;false;jungle;1
407;152;1;0;land;false;jungle;1
408;153;1;0;land;false;hills;1
409;154;1;0;land;false;mountain;1
410;155;1;0;land;false;hills;1
411;156;1;0;land;false;hills;1
412;157;1;0;land;false;mountain;1
413;158;1;0;land;false;mountain;1
414;159;1;0;land;false;forest;1
415;160;1;0;land;false;mountain;1
416;161;1;0;land;false;mountain;1
417;162;1;0;land;false;jungle;1
418;163;1;0;land;false;hills;1
419;164;1;0;land;false;mountain;1
420;165;1;0;land;false;jungle;1
421;166;1;0;land;false;jungle;1
422;167;1;0;land;false;hills;1
423;168;1;0;land;false;plains;1
424;169;1;0;land;false;hills;1
425;170;1;0;land;false;hills;1
426;171;1;0;land;false;mountain;1
427;172;1;0;land;false;mountain;1
428;173;1;0;land;false;forest;1
429;174;1;0;land;false;forest;1
430;175;1;0;land;false;forest;1
431;176;1;0;land;false;forest;1
432;177;1;0;land;false;forest;1
433;178;1;0;land;false;urban;1
434;179;1;0;land;false;forest;1
435;180;1;0;land;false;hills;1
436;181;1;0;land;false;mountain;1
437;182;1;0;land;false;hills;1
438;183;1;0;land;false;mountain;1
439;184;1;0;land;false;hills;1
440;185;1;0;land;false;mountain;1
441;186;1;0;land;false;hills;1
442;187;1;0;land;false;mountain;1
443;188;1;0;land;false;mountain;1
444;189;1;0;land;false;plains;1
445;190;1;0;land;false;mountain;1
446;191;1;0;land;false;hills;1
447;192;1;0;land;false;mountain;1
448;193;1;0;land;false;hills;1
449;194;1;0;land;false;mountain;1
450;195;1;0;land;false;hills;1
451;196;1;0;land;false;plains;1
452;197;1;0;land;false;plains;1
453;198;1;0;land;false;plains;1
454;199;1;0;land;false;plains;1
455;200;1;0;land;false;forest;1
456;201;1;0;land;true;forest;1
457;202;1;0;land;false;urban;1
458;203;1;0;land;true;forest;1
459;204;1;0;land;false;forest;1
460;205;1;0;land;true;forest;1
461;206;1;0;land;false;forest;1
462;207;1;0;land;true;jungle;1
463;208;1;0;land;false;jungle;1
464;209;1;0;land;true;jungle;1
465;210;1;0;land;false;forest;1
466;211;1;0;land;false;forest;1
467;212;1;0;land;false;forest;1
468;213;1;0;land;false;forest;1
469;214;1;0;land;false;forest;1
470;215;1;0;land;false;forest;1
471;216;1;0;land;false;jungle;1
472;217;1;0;land;false;jungle;1
473;218;1;0;land;false;jungle;1
474;219;1;0;land;false;jungle;1
475;220;1;0;land;false;forest;1
476;221;1;0;land;false;forest;1
477;222;1;0;land;false;forest;1
478;223;1;0;land;false;forest;1
479;224;1;0;land;false;forest;1
480;225;1;0;land;false;forest;1
481;226;1;0;land;false;jungle;1
482;227;1;0;land;false;jungle;1
483;228;1;0;land;false;jungle;1
484;229;1;0;land;false;jungle;1
485;230;1;0;land;false;forest;1
486;231;1;0;land;false;forest;1
487;232;1;0;land;false;forest;1
488;233;1;0;land;false;jungle;1
489;234;1;0;land;false;jungle;1
490;235;1;0;land;false;jungle;1
491;236;1;0;land;true;plains;1
492;237;1;0;land;true;plains;1
493;238;1;0;land;true;plains;1
494;239;1;0;land;false;plains;1
495;240;1;0;land;false;plains;1
496;241;1;0;land;false;plains;1
497;242;1;0;land;false;plains;1
498;243;1;0;land;false;plains;1
499;244;1;0;land;false;plains;1
500;245;1;0;land;false;plains;1
501;246;1;0;land;false;plains;1
502;247;1;0;land;false;plains;1
503;248;1;0;land;false;plains;1
504;249;1;0;land;false;plains;1
505;250;1;0;land;false;urban;1
506;251;1;0;land;true;plains;1
507;252;1;0;land;true;plains;1
508;253;1;0;land;true;plains;1
509;254;1;0;land;false;plains;1
510;255;1;0;land;false;plains;1
511;0;2;0;land;false;plains;1
512;1;2;0;land;false;plains;1
513;2;2;0;land;false;plains;1
514;3;2;0;land;false;plains;1
515;4;2;0;land;false;plains;1
516;5;2;0;land;false;plains;1
517;6;2;0;land;false;plains;1
518;7;2;0;land;false;plains;1
519;8;2;0;land;false;plains;1
520;9;2;0;land;false;plains;1
521;10;2;0;land;true;plains;1
522;11;2;0;land;true;plains;1
523;12;2;0;land;true;plains;1
524;13;2;0;land;false;plains;1
525;14;2;0;land;false;plains;1
526;15;2;0;land;false;plains;1
527;16;2;0;land;false;plains;1
528;17;2;0;land;false;plains;1
529;18;2;0;land;false;plains;1
530;19;2;0;land;false;plains;1
531;20;2;0;land;false;plains;1
532;21;2;0;land;false;plains;1
533;22;2;0;land;false;plains;1
534;23;2;0;land;false;plains;1
535;24;2;0;land;false;plains;1
536;25;2;0;land;true;plains;1
537;26;2;0;land;true;plains;1
538;27;2;0;land;true;plains;1
539;28;2;0;land;false;plains;1
540;29;2;0;land;false;plains;1
541;30;2;0;land;false;plains;1
542;31;2;0;land;false;plains;1
543;32;2;0;land;false;plains;1
544;33;2;0;land;false;plains;1
545;34;2;0;land;false;plains;1
546;35;2;0;land;false;plains;1
547;36;2;0;land;false;plains;1
548;37;2;0;land;false;plains;1
549;38;2;0;land;false;plains;1
550;39;2;0;land;false;plains;1
551;40;2;0;land;true;plains;1
552;41;2;0;land;false;plains;1
553;42;2;0;land;false;plains;1
554;43;2;0;land;false;plains;1
555;44;2;0;land;false;plains;1
556;45;2;0;land;true;jungle;1
557;46;2;0;land;false;jungle;1
558;47;2;0;land;false;jungle;1
559;48;2;0;land;false;jungle;1
560;49;2;0;land;false;urban;1
561;50;2;0;land;true;jungle;1
562;51;2;0;land;false;jungle;1
563;52;2;0;land;false;jungle;1
564;53;2;0;land;false;jungle;1
565;54;2;0;land;false;jungle;1
566;55;2;0;land;true;jungle;1
567;56;2;0;land;false;jungle;1
568;57;2;0;land;false;jungle;1
569;58;2;0;land;false;jungle;1
570;59;2;0;land;false;jungle;1
571;60;2;0;land;true;forest;1
572;61;2;0;land;false;forest;1
573;62;2;0;land;false;forest;1
574;63;2;0;land;false;forest;1
575;64;2;0;land;false;plains;1
576;65;2;0;land;false;jungle;1
577;66;2;0;land;false;jungle;1
578;67;2;0;land;false;jungle;1
579;68;2;0;land;false;jungle;1
580;69;2;0;land;false;jungle;1
581;70;2;0;land;false;jungle;1
582;71;2;0;land;false;jungle;1
583;72;2;0;land;false;jungle;1
584;73;2;0;land;false;forest;1
585;74;2;0;land;false;forest;1
586;75;2;0;land;false;forest;1
587;76;2;0;land;false;plains;1
588;77;2;0;land;false;plains;1
589;78;2;0;land;false;plains;1
590;79;2;0;land;false;plains;1
591;80;2;0;land;false;plains;1
592;81;2;0;land;false;plains;1
593;82;2;0;land;false;plains;1
594;83;2;0;land;false;plains;1
595;84;2;0;land;false;plains;1
596;85;2;0;land;false;jungle;1
597;86;2;0;land;false;jungle;1
598;87;2;0;land;false;jungle;1
599;88;2;0;land;false;forest;1
600;89;2;0;land;false;forest;1
601;90;2;0;land;false;forest;1
602;91;2;0;land;false;plains;1
603;92;2;0;land;false;plains;1
604;93;2;0;land;false;plains;1
605;94;2;0;land;false;plains;1
606;95;2;0;land;false;plains;1
607;96;2;0;land;false;plains;1
608;97;2;0;land;false;forest;1
609;98;2;0;land;false;forest;1
610;99;2;0;land;false;forest;1
611;100;2;0;land;false;forest;1
612;101;2;0;land;false;forest;1
613;102;2;0;land;false;forest;1
614;103;2;0;land;false;forest;1
615;104;2;0;land;false;forest;1
616;105;2;0;land;false;forest;1
617;106;2;0;land;false;urban;1
618;107;2;0;land;false;forest;1
619;108;2;0;land;false;forest;1
620;109;2;0;land;false;forest;1
621;110;2;0;land;false;forest;1
622;111;2;0;land;false;forest;1
623;112;2;0;land;false;forest;1
624;113;2;0;land;false;forest;1
625;114;2;0;land;false;forest;1
626;115;2;0;land;false;forest;1
627;116;2;0;land;false;forest;1
628;117;2;0;land;false;forest;1
629;118;2;0;land;false;forest;1
630;119;2;0;land;false;forest;1
631;120;2;0;land;false;forest;1
632;121;2;0;land;false;forest;1
633;122;2;0;land;false;forest;1
634;123;2;0;land;false;forest;1
635;124;2;0;land;false;forest;1
636;125;2;0;land;false;forest;1
637;126;2;0;land;false;forest;1
638;127;2;0;land;false;forest;1
639;128;2;0;land;false;forest;1
640;129;2;0;land;false;plains;1
641;130;2;0;land;false;plains;1
642;131;2;0;land;false;plains;1
643;132;2;0;land;false;plains;1
644;133;2;0;land;false;forest;1
645;134;2;0;land;false;plains;1
646;135;2;0;land;false;plains;1
647;136;2;0;land;false;plains;1
648;137;2;0;land;false;plains;1
649;138;2;0;land;false;plains;1
650;139;2;0;land;false;plains;1
651;140;2;0;land;false;plains;1
652;141;2;0;land;false;plains;1
653;142;2;0;land;false;plains;1
654;143;2;0;land;false;plains;1
655;144;2;0;land;false;plains;1
656;145;2;0;land;false;plains;1
657;146;2;0;land;false;plains;1
658;147;2;0;land;false;plains;1
659;148;2;0;land;false;plains;1
660;149;2;0;land;false;plains;1
661;150;2;0;land;false;forest;1
662;151;2;0;land;false;marsh;1
663;152;2;0;land;false;marsh;1
664;153;2;0;land;false;marsh;1
665;154;2;0;land;false;marsh;1
666;155;2;0;land;false;urban;1
667;156;2;0;land;false;forest;1
668;157;2;0;land;false;forest;1
669;158;2;0;land;false;marsh;1
670;159;2;0;land;false;marsh;1
671;160;2;0;land;false;marsh;1
672;161;2;0;land;false;marsh;1
673;162;2;0;land;false;marsh;1
674;163;2;0;land;false;marsh;1
675;164;2;0;land;false;forest;1
676;165;2;0;land;false;forest;1
677;166;2;0;land;false;marsh;1
678;167;2;0;land;false;forest;1
679;168;2;0;land;false;marsh;1
680;169;2;0;land;false;forest;1
681;170;2;0;land;false;marsh;1
682;171;2;0;land;false;forest;1
683;172;2;0;land;false;hills;1
684;173;2;0;land;false;hills;1
685;174;2;0;land;false;hills;1
686;175;2;0;land;false;hills;1
687;176;2;0;land;false;marsh;1
688;177;2;0;land;false;urban;1
689;178;2;0;land;false;hills;1
690;179;2;0;land;false;plains;1
691;180;2;0;land;false;hills;1
692;181;2;0;land;false;hills;1
693;182;2;0;land;false;plains;1
694;183;2;0;land;false;hills;1
695;184;2;0;land;false;plains;1
696;185;2;0;land;false;plains;1
697;186;2;0;land;false;hills;1
698;187;2;0;land;false;plains;1
699;188;2;0;land;false;plains;1
700;189;2;0;land;false;plains;1
701;190;2;0;land;false;desert;1
702;191;2;0;land;false;desert;1
703;192;2;0;land;false;plains;1
704;193;2;0;land;false;desert;1
705;194;2;0;land;false;desert;1
706;195;2;0;land;false;plains;1
707;196;2;0;land;false;desert;1
708;197;2;0;land;false;desert;1
709;198;2;0;land;false;plains;1
710;199;2;0;land;false;desert;1
711;200;2;0;land;false;desert;1
712;201;2;0;land;false;desert;1
713;202;2;0;land;false;desert;1
714;203;2;0;land;false;desert;1
715;204;2;0;land;false;desert;1
716;205;2;0;land;false;desert;1
717;206;2;0;land;false;desert;1
718;207;2;0;land;false;desert;1
719;208;2;0;land;false;desert;1
720;209;2;0;land;false;desert;1
721;210;2;0;land;false;desert;1
722;211;2;0;land;false;desert;1
723;212;2;0;land;false;desert;1
724;213;2;0;land;false;desert;1
725;214;2;0;land;false;desert;1
726;215;2;0;land;false;desert;1
727;216;2;0;land;false;desert;1
728;217;2;0;land;false;desert;1
729;218;2;0;land;false;desert;1
730;219;2;0;land;false;desert;1
731;220;2;0;land;false;desert;1
732;221;2;0;land;false;desert;1
733;222;2;0;land;false;desert;1
734;223;2;0;land;false;desert;1
735;224;2;0;land;false;desert;1
736;225;2;0;land;false;desert;1
737;226;2;0;land;false;desert;1
738;227;2;0;land;false;desert;1
739;228;2;0;land;false;desert;1
740;229;2;0;land;true;forest;1
741;230;2;0;land;true;forest;1
742;231;2;0;land;true;forest;1
743;232;2;0;land;false;forest;1
744;233;2;0;land;true;forest;1
745;234;2;0;land;false;forest;1
746;235;2;0;land;false;forest;1
747;236;2;0;land;true;forest;1
748;237;2;0;land;false;forest;1
749;238;2;0;land;false;forest;1
750;239;2;0;land;false;urban;1
751;240;2;0;land;true;forest;1
752;241;2;0;land;true;forest;1
753;242;2;0;land;true;forest;1
754;243;2;0;land;true;forest;1
755;244;2;0;land;false;forest;1
756;245;2;0;land;false;forest;1
757;246;2;0;land;false;forest;1
758;247;2;0;land;false;forest;1
759;248;2;0;land;false;forest;1
760;249;2;0;land;false;forest;1
761;250;2;0;land;false;forest;1
762;251;2;0;land;false;forest;1
763;252;2;0;land;false;forest;1
764;253;2;0;land;false;forest;1
765;254;2;0;land;false;forest;1
766;255;2;0;land;false;forest;1
767;0;3;0;land;false;forest;1
768;1;3;0;land;false;forest;1
769;2;3;0;land;false;forest;1
770;3;3;0;land;true;forest;1
771;4;3;0;land;true;forest;1
772;5;3;0;land;true;forest;1
773;6;3;0;land;true;hills;1
774;7;3;0;land;false;forest;1
775;8;3;0;land;false;forest;1
776;9;3;0;land;false;forest;1
777;10;3;0;land;false;forest;1
778;11;3;0;land;false;forest;1
779;12;3;0;land;false;forest;1
780;13;3;0;land;false;forest;1
781;14;3;0;land;false;forest;1
782;15;3;0;land;false;forest;1
783;16;3;0;land;false;forest;1
784;17;3;0;land;false;forest;1
785;18;3;0;land;false;forest;1
786;19;3;0;land;false;forest;1
787;20;3;0;land;false;forest;1
788;21;3;0;land;false;forest;1
789;22;3;0;land;false;forest;1
790;23;3;0;land;true;mountain;1
791;24;3;0;land;true;mountain;1
792;25;3;0;land;true;hills;1
793;26;3;0;land;true;plains;1
794;27;3;0;land;false;hills;1
795;28;3;0;land;false;mountain;1
796;29;3;0;land;false;hills;1
797;30;3;0;land;false;hills;1
798;31;3;0;land;false;forest;1
799;32;3;0;land;false;hills;1
800;33;3;0;land;false;mountain;1
801;34;3;0;land;false;hills;1
802;35;3;0;land;false;forest;1
803;36;3;0;land;false;forest;1
804;37;3;0;land;false;hills;1
805;38;3;0;land;false;mountain;1
806;39;3;0;land;false;forest;1
807;40;3;0;land;false;forest;1
808;41;3;0;land;false;hills;1
809;42;3;0;land;false;mountain;1
810;43;3;0;land;true;plains;1
811;44;3;0;land;true;plains;1
812;45;3;0;land;true;plains;1
813;46;3;0;land;true;plains;1
814;47;3;0;land;false;plains;1
815;48;3;0;land;false;plains;1
816;49;3;0;land;false;plains;1
817;50;3;0;land;false;plains;1
818;51;3;0;land;false;hills;1
819;52;3;0;land;false;plains;1
820;53;3;0;land;false;plains;1
821;54;3;0;land;false;plains;1
822;55;3;0;land;false;hills;1
823;56;3;0;land;false;plains;1
824;57;3;0;land;false;plains;1
825;58;3;0;land;false;plains;1
826;59;3;0;land;false;mountain;1
827;60;3;0;land;false;hills;1
828;61;3;0;land;false;plains;1
829;62;3;0;land;false;plains;1
830;63;3;0;land;true;plains;1
831;64;3;0;land;true;plains;1
832;65;3;0;land;true;hills;1
833;66;3;0;land;true;hills;1
834;67;3;0;land;false;plains;1
835;68;3;0;land;false;plains;1
836;69;3;0;land;false;hills;1
837;70;3;0;land;false;hills;1
838;71;3;0;land;false;plains;1
839;72;3;0;land;false;hills;1
840;73;3;0;land;false;hills;1
841;74;3;0;land;false;hills;1
842;75;3;0;land;false;plains;1
843;76;3;0;land;false;hills;1
844;77;3;0;land;false;hills;1
845;78;3;0;land;false;hills;1
846;79;3;0;land;false;urban;1
847;80;3;0;land;false;hills;1
848;81;3;0;land;false;hills;1
849;82;3;0;land;false;plains;1
850;83;3;0;land;true;hills;1
851;84;3;0;land;true;plains;1
852;85;3;0;land;true;plains;1
853;86;3;0;land;true;plains;1
854;87;3;0;land;false;hills;1
855;88;3;0;land;false;plains;1
856;89;3;0;land;false;plains;1
857;90;3;0;land;false;plains;1
858;91;3;0;land;false;hills;1
859;92;3;0;land;false;plains;1
860;93;3;0;land;false;plains;1
861;94;3;0;land;false;plains;1
862;95;3;0;land;false;plains;1
863;96;3;0;land;false;plains;1
864;97;3;0;land;false;plains;1
865;98;3;0;land;false;plains;1
866;99;3;0;land;false;plains;1
867;100;3;0;land;false;plains;1
868;101;3;0;land;false;plains;1
869;102;3;0;land;false;plains;1
870;103;3;0;land;true;plains;1
871;104;3;0;land;true;plains;1
872;105;3;0;land;true;plains;1
873;106;3;0;land;true;plains;1
874;107;3;0;land;false;plains;1
875;108;3;0;land;false;plains;1
876;109;3;0;land;false;plains;1
877;110;3;0;land;false;plains;1
878;111;3;0;land;false;plains;1
879;112;3;0;land;false;plains;1
880;113;3;0;land;false;plains;1
881;114;3;0;land;false;plains;1
882;115;3;0;land;false;plains;1
883;116;3;0;land;false;plains;1
884;117;3;0;land;false;plains;1
885;118;3;0;land;false;plains;1
886;119;3;0;land;false;plains;1
887;120;3;0;land;false;plains;1
888;121;3;0;land;false;plains;1
889;122;3;0;land;false;plains;1
890;123;3;0;land;true;plains;1
891;124;3;0;land;true;plains;1
892;125;3;0;land;false;plains;1
893;126;3;0;land;true;plains;1
894;127;3;0;land;true;plains;1
895;128;3;0;land;true;plains;1
896;129;3;0;land;false;plains;1
897;130;3;0;land;false;plains;1
898;131;3;0;land;false;plains;1
899;132;3;0;land;true;plains;1
900;133;3;0;land;false;plains;1
901;134;3;0;land;false;plains;1
902;135;3;0;land;false;plains;1
903;136;3;0;land;false;plains;1
904;137;3;0;land;false;plains;1
905;138;3;0;land;false;plains;1
906;139;3;0;land;false;plains;1
907;140;3;0;land;false;plains;1
908;141;3;0;land;true;plains;1
909;142;3;0;land;true;plains;1
910;143;3;0;land;true;plains;1
911;144;3;0;land;false;plains;1
912;145;3;0;land;true;plains;1
913;146;3;0;land;true;plains;1
914;147;3;0;land;true;forest;1
915;148;3;0;land;false;forest;1
916;149;3;0;land;false;forest;1
917;150;3;0;land;true;forest;1
918;151;3;0;land;false;forest;1
919;152;3;0;land;false;forest;1
920;153;3;0;land;true;forest;1
921;154;3;0;land;false;forest;1
922;155;3;0;land;false;forest;1
923;156;3;0;land;true;forest;1
924;157;3;0;land;false;forest;1
925;158;3;0;land;false;urban;1
926;159;3;0;land;false;forest;1
927;160;3;0;land;false;forest;1
928;161;3;0;land;false;forest;1
929;162;3;0;land;false;forest;1
930;163;3;0;land;false;forest;1
931;164;3;0;land;false;forest;1
932;165;3;0;land;false;forest;1
933;166;3;0;land;false;forest;1
934;167;3;0;land;false;forest;1
935;168;3;0;land;false;forest;1
936;169;3;0;land;false;forest;1
937;170;3;0;land;false;forest;1
938;171;3;0;land;false;forest;1
939;172;3;0;land;false;forest;1
940;173;3;0;land;false;forest;1
941;174;3;0;land;false;forest;1
942;175;3;0;land;false;forest;1
943;176;3;0;land;false;forest;1
944;177;3;0;land;false;forest;1
945;178;3;0;land;false;forest;1
946;179;3;0;land;false;forest;1
947;180;3;0;land;false;forest;1
948;181;3;0;land;false;forest;1
949;182;3;0;land;false;forest;1
950;183;3;0;land;false;forest;1
951;184;3;0;land;false;forest;1
952;185;3;0;land;false;forest;1
953;186;3;0;land;false;forest;1
954;187;3;0;land;false;forest;1
955;188;3;0;land;false;forest;1
956;189;3;0;land;false;forest;1
957;190;3;0;land;false;forest;1
958;191;3;0;land;false;forest;1
959;192;3;0;land;false;forest;1
960;193;3;0;land;false;forest;1
961;194;3;0;land;false;forest;1
962;195;3;0;land;false;forest;1
963;196;3;0;land;false;forest;1
964;197;3;0;land;false;forest;1
965;198;3;0;land;false;forest;1
966;199;3;0;land;false;forest;1
967;200;3;0;land;false;forest;1
968;201;3;0;land;false;plains;1
969;202;3;0;land;false;forest;1
970;203;3;0;land;false;forest;1
971;204;3;0;land;false;forest;1
972;205;3;0;land;false;forest;1
973;206;3;0;land;false;forest;1
974;207;3;0;land;false;forest;1
975;208;3;0;land;false;urban;1
976;209;3;0;land;false;forest;1
977;210;3;0;land;false;forest;1
978;211;3;0;land;false;plains;1
979;212;3;0;land;false;plains;1
980;213;3;0;land;false;plains;1
981;214;3;0;land;false;forest;1
982;215;3;0;land;false;plains;1
983;216;3;0;land;false;plains;1
984;217;3;0;land;false;forest;1
985;218;3;0;land;false;forest;1
986;219;3;0;land;false;plains;1
987;220;3;0;land;false;forest;1
988;221;3;0;land;false;plains;1
989;222;3;0;land;false;plains;1
990;223;3;0;land;false;plains;1
991;224;3;0;land;false;plains;1
992;225;3;0;land;false;plains;1
993;226;3;0;land;false;plains;1
994;227;3;0;land;false;plains;1
995;228;3;0;land;false;plains;1
996;229;3;0;land;false;plains;1
997;230;3;0;land;false;plains;1
998;231;3;0;land;false;plains;1
999;232;3;0;land;false;plains;1
1000;233;3;0;land;false;plains;1
1001;234;3;0;land;false;plains;1
1002;235;3;0;land;false;plains;1
1003;236;3;0;land;false;plains;1
1004;237;3;0;land;false;plains;1
1005;238;3;0;land;false;plains;1
1006;239;3;0;land;false;plains;1
1007;240;3;0;land;false;plains;1
1008;241;3;0;land;false;plains;1
1009;242;3;0;land;false;plains;1
1010;243;3;0;land;false;plains;1
1011;244;3;0;land;false;plains;1
1012;245;3;0;land;false;plains;1
1013;246;3;0;land;false;plains;1
1014;247;3;0;land;true;plains;1
1015;248;3;0;land;true;plains;1
1016;249;3;0;land;true;plains;1
1017;250;3;0;land;true;plains;1
1018;251;3;0;land;true;plains;1
1019;252;3;0;land;true;plains;1
1020;253;3;0;land;false;urban;1
1021;254;3;0;land;true;plains;1
1022;255;3;0;land;true;plains;1
1023;0;4;0;land;false;plains;1
1024;1;4;0;land;false;plains;1
1025;2;4;0;land;false;plains;1
1026;3;4;0;land;true;plains;1
1027;4;4;0;land;true;plains;1
1028;5;4;0;land;false;plains;1
1029;6;4;0;land;true;plains;1
1030;7;4;0;land;true;plains;1
1031;8;4;0;land;false;plains;1
1032;9;4;0;land;false;plains;1
1033;10;4;0;land;false;plains;1
1034;11;4;0;land;false;plains;1
1035;12;4;0;land;false;plains;1
1036;13;4;0;land;false;plains;1
1037;14;4;0;land;true;plains;1
1038;15;4;0;land;true;plains;1
1039;16;4;0;land;false;plains;1
1040;17;4;0;land;true;desert;1
1041;18;4;0;land;true;desert;1
1042;19;4;0;land;false;plains;1
1043;20;4;0;land;false;plains;1
1044;21;4;0;land;false;plains;1
1045;22;4;0;land;false;plains;1
1046;23;4;0;land;false;plains;1
1047;24;4;0;land;false;plains;1
1048;25;4;0;land;false;plains;1
1049;26;4;0;land;false;plains;1
1050;27;4;0;land;false;plains;1
1051;28;4;0;land;true;plains;1
1052;29;4;0;land;true;plains;1
1053;30;4;0;land;true;plains;1
1054;31;4;0;land;false;plains;1
1055;32;4;0;land;false;plains;1
1056;33;4;0;land;false;plains;1
1057;34;4;0;land;true;plains;1
1058;35;4;0;land;false;plains;1
1059;36;4;0;land;false;urban;1
1060;37;4;0;land;false;plains;1
1061;38;4;0;land;false;plains;1
1062;39;4;0;land;false;plains;1
1063;40;4;0;land;false;plains;1
1064;41;4;0;land;false;hills;1
1065;42;4;0;land;false;plains;1
1066;43;4;0;land;false;mountain;1
1067;44;4;0;land;false;hills;1
1068;45;4;0;land;false;plains;1
1069;46;4;0;land;false;plains;1
1070;47;4;0;land;false;plains;1
1071;48;4;0;land;false;plains;1
1072;49;4;0;land;false;plains;1
1073;50;4;0;land;false;plains;1
1074;51;4;0;land;false;plains;1
1075;52;4;0;land;false;plains;1
1076;53;4;0;land;false;plains;1
1077;54;4;0;land;false;plains;1
1078;55;4;0;land;false;marsh;1
1079;56;4;0;land;false;marsh;1
1080;57;4;0;land;false;plains;1
1081;58;4;0;land;false;marsh;1
1082;59;4;0;land;false;plains;1
1083;60;4;0;land;false;plains;1
1084;61;4;0;land;false;plains;1
1085;62;4;0;land;false;plains;1
1086;63;4;0;land;false;plains;1
1087;64;4;0;land;false;plains;1
1088;65;4;0;land;false;hills;1
1089;66;4;0;land;false;hills;1
1090;67;4;0;land;false;hills;1
1091;68;4;0;land;false;forest;1
1092;69;4;0;land;false;hills;1
1093;70;4;0;land;false;forest;1
1094;71;4;0;land;false;urban;1
1095;72;4;0;land;false;forest;1
1096;73;4;0;land;false;forest;1
1097;74;4;0;land;false;forest;1
1098;75;4;0;land;false;forest;1
1099;76;4;0;land;false;forest;1
1100;77;4;0;land;false;forest;1
1101;78;4;0;land;false;forest;1
1102;79;4;0;land;false;forest;1
1103;80;4;0;land;false;forest;1
1104;81;4;0;land;false;forest;1
1105;82;4;0;land;false;forest;1
1106;83;4;0;land;false;forest;1
1107;84;4;0;land;false;forest;1
1108;85;4;0;land;false;forest;1
1109;86;4;0;land;false;forest;1
1110;87;4;0;land;false;forest;1
1111;88;4;0;land;false;forest;1
1112;89;4;0;land;false;urban;1
1113;90;4;0;land;false;marsh;1
1114;91;4;0;land;false;marsh;1
1115;92;4;0;land;false;marsh;1
1116;93;4;0;land;false;marsh;1
1117;94;4;0;land;false;marsh;1
1118;95;4;0;land;false;marsh;1
1119;96;4;0;land;false;marsh;1
1120;97;4;0;land;false;marsh;1
1121;98;4;0;land;false;plains;1
1122;99;4;0;land;false;marsh;1
1123;100;4;0;land;false;marsh;1
1124;101;4;0;land;false;plains;1
1125;102;4;0;land;false;plains;1
1126;103;4;0;land;false;plains;1
1127;104;4;0;land;false;marsh;1
1128;105;4;0;land;false;marsh;1
1129;106;4;0;land;false;forest;1
1130;107;4;0;land;false;marsh;1
1131;108;4;0;land;false;marsh;1
1132;109;4;0;land;false;forest;1
1133;110;4;0;land;false;marsh;1
1134;111;4;0;land;false;marsh;1
1135;112;4;0;land;false;forest;1
1136;113;4;0;land;false;marsh;1
1137;114;4;0;land;false;marsh;1
1138;115;4;0;land;false;plains;1
1139;116;4;0;land;false;plains;1
1140;117;4;0;land;false;plains;1
1141;118;4;0;land;false;plains;1
1142;119;4;0;land;false;forest;1
1143;120;4;0;land;false;forest;1
1144;121;4;0;land;false;plains;1
1145;122;4;0;land;false;plains;1
1146;123;4;0;land;false;plains;1
1147;124;4;0;land;false;urban;1
1148;125;4;0;land;false;forest;1
1149;126;4;0;land;false;hills;1
1150;127;4;0;land;false;hills;1
1151;128;4;0;land;false;hills;1
1152;129;4;0;land;false;hills;1
1153;130;4;0;land;false;hills;1
1154;131;4;0;land;false;hills;1
1155;132;4;0;land;false;hills;1
1156;133;4;0;land;false;forest;1
1157;134;4;0;land;false;plains;1
1158;135;4;0;land;false;plains;1
1159;136;4;0;land;false;plains;1
1160;137;4;0;land;false;plains;1
1161;138;4;0;land;false;plains;1
1162;139;4;0;land;false;hills;1
1163;140;4;0;land;false;plains;1
1164;141;4;0;land;false;plains;1
1165;142;4;0;land;false;plains;1
1166;143;4;0;land;false;plains;1
1167;144;4;0;land;false;plains;1
1168;145;4;0;land;false;plains;1
1169;146;4;0;land;false;desert;1
1170;147;4;0;land;false;desert;1
1171;148;4;0;land;false;desert;1
1172;149;4;0;land;false;desert;1
1173;150;4;0;land;false;desert;1
1174;151;4;0;land;false;desert;1
1175;152;4;0;land;false;hills;1
1176;153;4;0;land;false;plains;1
1177;154;4;0;land;false;jungle;1
1178;155;4;0;land;false;urban;1
1179;156;4;0;land;false;forest;1
1180;157;4;0;land;false;forest;1
1181;158;4;0;land;false;plains;1
1182;159;4;0;land;false;plains;1
1183;160;4;0;land;false;plains;1
1184;161;4;0;land;false;plains;1
1185;162;4;0;land;false;plains;1
1186;163;4;0;land;false;plains;1
1187;164;4;0;land;false;plains;1
1188;165;4;0;land;false;plains;1
1189;166;4;0;land;false;plains;1
1190;167;4;0;land;false;plains;1
1191;168;4;0;land;true;plains;1
1192;169;4;0;land;true;plains;1
1193;170;4;0;land;false;jungle;1
1194;171;4;0;land;false;jungle;1
1195;172;4;0;land;false;jungle;1
1196;173;4;0;land;false;jungle;1
1197;174;4;0;land;false;forest;1
1198;175;4;0;land;false;forest;1
1199;176;4;0;land;false;plains;1
1200;177;4;0;land;false;plains;1
1201;178;4;0;land;false;plains;1
1202;179;4;0;land;false;plains;1
1203;180;4;0;land;false;plains;1
1204;181;4;0;land;false;plains;1
1205;182;4;0;land;false;plains;1
1206;183;4;0;land;false;plains;1
1207;184;4;0;land;true;plains;1
1208;185;4;0;land;true;plains;1
1209;186;4;0;land;false;jungle;1
1210;187;4;0;land;false;jungle;1
1211;188;4;0;land;false;jungle;1
1212;189;4;0;land;false;jungle;1
1213;190;4;0;land;false;jungle;1
1214;191;4;0;land;false;jungle;1
1215;192;4;0;land;false;forest;1
1216;193;4;0;land;false;jungle;1
1217;194;4;0;land;false;forest;1
1218;195;4;0;land;false;jungle;1
1219;196;4;0;land;false;plains;1
1220;197;4;0;land;false;forest;1
1221;198;4;0;land;false;plains;1
1222;199;4;0;land;false;forest;1
1223;200;4;0;land;true;plains;1
1224;201;4;0;land;true;forest;1
1225;202;4;0;land;false;hills;1
1226;203;4;0;land;false;mountain;1
1227;204;4;0;land;false;jungle;1
1228;205;4;0;land;false;hills;1
1229;206;4;0;land;false;jungle;1
1230;207;4;0;land;false;jungle;1
1231;208;4;0;land;false;jungle;1
1232;209;4;0;land;false;jungle;1
1233;210;4;0;land;false;jungle;1
1234;211;4;0;land;false;jungle;1
1235;212;4;0;land;false;jungle;1
1236;213;4;0;land;false;jungle;1
1237;214;4;0;land;false;jungle;1
1238;215;4;0;land;false;jungle;1
1239;216;4;0;land;true;jungle;1
1240;217;4;0;land;true;jungle;1
1241;218;4;0;land;false;hills;1
1242;219;4;0;land;false;plains;1
1243;220;4;0;land;false;mountain;1
1244;221;4;0;land;false;hills;1
1245;222;4;0;land;false;hills;1
1246;223;4;0;land;false;mountain;1
1247;224;4;0;land;false;jungle;1
1248;225;4;0;land;false;hills;1
1249;226;4;0;land;false;jungle;1
1250;227;4;0;land;false;hills;1
1251;228;4;0;land;false;jungle;1
1252;229;4;0;land;false;jungle;1
1253;230;4;0;land;false;jungle;1
1254;231;4;0;land;false;jungle;1
1255;232;4;0;land;true;jungle;1
1256;233;4;0;land;true;jungle;1
1257;234;4;0;land;false;plains;1
1258;235;4;0;land;false;plains;1
1259;236;4;0;land;false;plains;1
1260;237;4;0;land;false;plains;1
1261;238;4;0;land;false;hills;1
1262;239;4;0;land;false;plains;1
1263;240;4;0;land;false;mountain;1
1264;241;4;0;land;false;hills;1
1265;242;4;0;land;false;mountain;1
1266;243;4;0;land;false;mountain;1
1267;244;4;0;land;false;hills;1
1268;245;4;0;land;false;mountain;1
1269;246;4;0;land;false;jungle;1
1270;247;4;0;land;false;hills;1
1271;248;4;0;land;true;jungle;1
1272;249;4;0;land;true;hills;1
1273;250;4;0;land;false;plains;1
1274;251;4;0;land;false;plains;1
1275;252;4;0;land;false;plains;1
1276;253;4;0;land;false;plains;1
1277;254;4;0;land;false;plains;1
1278;255;4;0;land;false;plains;1
1279;0;5;0;land;false;plains;1
1280;1;5;0;land;false;plains;1
1281;2;5;0;land;false;hills;1
1282;3;5;0;land;false;mountain;1
1283;4;5;0;land;false;mountain;1
1284;5;5;0;land;true;mountain;1
1285;6;5;0;land;false;plains;1
1286;7;5;0;land;false;plains;1
1287;8;5;0;land;false;plains;1
1288;9;5;0;land;false;plains;1
1289;10;5;0;land;false;plains;1
1290;11;5;0;land;false;plains;1
1291;12;5;0;land;false;plains;1
1292;13;5;0;land;false;plains;1
1293;14;5;0;land;false;plains;1
1294;15;5;0;land;false;plains;1
1295;16;5;0;land;false;plains;1
1296;17;5;0;land;false;plains;1
1297;18;5;0;land;false;plains;1
1298;19;5;0;land;false;plains;1
1299;20;5;0;land;false;plains;1
1300;21;5;0;land;false;hills;1
1301;22;5;0;land;false;plains;1
1302;23;5;0;land;false;hills;1
1303;24;5;0;land;false;plains;1
1304;25;5;0;land;false;hills;1
1305;26;5;0;land;false;hills;1
1306;27;5;0;land;false;hills;1
1307;28;5;0;land;false;hills;1
1308;29;5;0;land;false;hills;1
1309;30;5;0;sea;false;ocean;0
1310;31;5;0;sea;false;ocean;0
1311;32;5;0;sea;false;ocean;0
1312;33;5;0;sea;false;ocean;0
1313;34;5;0;sea;false;ocean;0
1314;35;5;0;sea;false;ocean;0
1315;36;5;0;sea;false;ocean;0
1316;37;5;0;sea;false;ocean;0
1317;38;5;0;sea;false;ocean;0
1318;39;5;0;sea;false;ocean;0
1319;40;5;0;sea;false;ocean;0
1320;41;5;0;sea;false;ocean;0
1321;42;5;0;sea;false;ocean;0
1322;43;5;0;sea;false;ocean;0
1323;44;5;0;sea;false;ocean;0
1324;45;5;0;sea;false;ocean;0
1325;46;5;0;sea;false;ocean;0
1326;47;5;0;sea;false;ocean;0
1327;48;5;0;sea;false;ocean;0
1328;49;5;0;sea;false;ocean;0
1329;50;5;0;sea;false;ocean;0
1330;51;5;0;sea;false;ocean;0
1331;52;5;0;sea;false;ocean;0
1332;53;5;0;sea;false;ocean;0
1333;54;5;0;sea;false;ocean;0
1334;55;5;0;sea;false;ocean;0
1335;56;5;0;sea;false;ocean;0
1336;57;5;0;sea;false;ocean;0
1337;58;5;0;sea;false;ocean;0
1338;59;5;0;sea;false;ocean;0
1339;60;5;0;sea;false;ocean;0
1340;61;5;0;sea;false;ocean;0
1341;62;5;0;sea;false;ocean;0
1342;63;5;0;sea;false;ocean;0
1343;64;5;0;sea;false;ocean;0
1344;65;5;0;sea;false;ocean;0
1345;66;5;0;sea;false;ocean;0
1346;67;5;0;sea;false;ocean;0
1347;68;5;0;sea;false;ocean;0
1348;69;5;0;sea;false;ocean;0
1349;70;5;0;sea;false;ocean;0
1350;71;5;0;sea;false;ocean;0
1351;72;5;0;sea;false;ocean;0
1352;73;5;0;sea;false;ocean;0
1353;74;5;0;sea;false;ocean;0
1354;75;5;0;sea;false;ocean;0
1355;76;5;0;sea;false;ocean;0
1356;77;5;0;sea;false;ocean;0
1357;78;5;0;sea;false;ocean;0
1358;79;5;0;sea;false;ocean;0
1359;80;5;0;sea;false;ocean;0
1360;81;5;0;sea;false;ocean;0
1361;82;5;0;sea;false;ocean;0
1362;83;5;0;sea;false;ocean;0
1363;84;5;0;sea;false;ocean;0
1364;85;5;0;sea;false;ocean;0
1365;86;5;0;sea;false;ocean;0
1366;87;5;0;sea;false;ocean;0
1367;88;5;0;sea;false;ocean;0
1368;89;5;0;sea;false;ocean;0
1369;90;5;0;sea;false;ocean;0
1370;91;5;0;sea;false;ocean;0
1371;92;5;0;sea;false;ocean;0
1372;93;5;0;sea;false;ocean;0
1373;94;5;0;sea;false;ocean;0
1374;95;5;0;sea;false;ocean;0
1375;96;5;0;sea;false;ocean;0
1376;97;5;0;sea;false;ocean;0
1377;98;5;0;sea;false;ocean;0
1378;99;5;0;sea;false;ocean;0
1379;100;5;0;sea;false;ocean;0
1380;101;5;0;sea;false;ocean;0
1381;102;5;0;sea;false;ocean;0
1382;103;5;0;sea;false;ocean;0
1383;104;5;0;sea;false;ocean;0
1384;105;5;0;sea;false;ocean;0
1385;106;5;0;sea;false;ocean;0
1386;107;5;0;sea;false;ocean;0
1387;108;5;0;sea;false;ocean;0
1388;109;5;0;sea;false;ocean;0
1389;110;5;0;sea;false;ocean;0
1390;111;5;0;sea;false;ocean;0
1391;112;5;0;sea;false;ocean;0
1392;113;5;0;sea;false;ocean;0
1393;114;5;0;sea;false;ocean;0
1394;115;5;0;sea;false;ocean;0
1395;116;5;0;sea;false;ocean;0
1396;117;5;0;sea;false;ocean;0
1397;118;5;0;sea;false;ocean;0
1398;119;5;0;sea;false;ocean;0
1399;120;5;0;sea;false;ocean;0
1400;121;5;0;sea;false;ocean;0
1401;122;5;0;sea;false;ocean;0
1402;123;5;0;sea;false;ocean;0
1403;124;5;0;sea;false;ocean;0
1404;125;5;0;sea;false;ocean;0
1405;126;5;0;sea;false;ocean;0
1406;127;5;0;sea;false;ocean;0
1407;128;5;0;sea;false;ocean;0
1408;129;5;0;sea;false;ocean;0
1409;130;5;0;sea;false;ocean;0
1410;131;5;0;sea;false;ocean;0
1411;132;5;0;sea;false;ocean;0
1412;133;5;0;sea;false;ocean;0
1413;134;5;0;sea;false;ocean;0
1414;135;5;0;sea;false;ocean;0
1415;136;5;0;sea;false;ocean;0
1416;137;5;0;sea;false;ocean;0
1417;138;5;0;sea;false;ocean;0
1418;139;5;0;sea;false;ocean;0
1419;140;5;0;sea;false;ocean;0
1420;141;5;0;sea;false;ocean;0
1421;142;5;0;sea;false;ocean;0
1422;143;5;0;sea;false;ocean;0
1423;144;5;0;sea;false;ocean;0
1424;145;5;0;sea;false;ocean;0
1425;146;5;0;sea;false;ocean;0
1426;147;5;0;sea;false;ocean;0
1427;148;5;0;sea;false;ocean;0
1428;149;5;0;sea;false;ocean;0
1429;150;5;0;sea;false;ocean;0
1430;151;5;0;sea;false;ocean;0
1431;152;5;0;sea;false;ocean;0
1432;153;5;0;sea;false;ocean;0
1433;154;5;0;sea;false;ocean;0
1434;155;5;0;sea;false;ocean;0
1435;156;5;0;sea;false;ocean;0
1436;157;5;0;sea;false;ocean;0
1437;158;5;0;sea;false;ocean;0
1438;159;5;0;sea;false;ocean;0
1439;160;5;0;sea;false;ocean;0
1440;161;5;0;sea;false;ocean;0
1441;162;5;0;sea;false;ocean;0
1442;163;5;0;sea;false;ocean;0
1443;164;5;0;sea;false;ocean;0
1444;165;5;0;sea;false;ocean;0
1445;166;5;0;sea;false;ocean;0
1446;167;5;0;sea;false;ocean;0
1447;168;5;0;sea;false;ocean;0
1448;169;5;0;sea;false;ocean;0
1449;170;5;0;sea;false;ocean;0
1450;171;5;0;sea;false;ocean;0
1451;172;5;0;sea;false;ocean;0
1452;173;5;0;sea;false;ocean;0
1453;174;5;0;sea;false;ocean;0
1454;175;5;0;sea;false;ocean;0
1455;176;5;0;sea;false;ocean;0
1456;177;5;0;sea;false;ocean;0
1457;178;5;0;sea;false;ocean;0
1458;179;5;0;sea;false;ocean;0
1459;180;5;0;sea;false;ocean;0
1460;181;5;0;sea;false;ocean;0
1461;182;5;0;sea;false;ocean;0
1462;183;5;0;sea;false;ocean;0
1463;184;5;0;sea;false;ocean;0
1464;185;5;0;sea;false;ocean;0
1465;186;5;0;sea;false;ocean;0
1466;187;5;0;sea;false;ocean;0
1467;188;5;0;sea;false;ocean;0
1468;189;5;0;sea;false;ocean;0
1469;190;5;0;sea;false;ocean;0
1470;191;5;0;sea;false;ocean;0
1471;192;5;0;sea;false;ocean;0
1472;193;5;0;sea;false;ocean;0
1473;194;5;0;sea;false;ocean;0
1474;195;5;0;sea;false;ocean;0
1475;196;5;0;sea;false;ocean;0
1476;197;5;0;sea;false;ocean;0
1477;198;5;0;sea;false;ocean;0
1478;199;5;0;sea;false;ocean;0
1479;200;5;0;sea;false;ocean;0
1480;201;5;0;sea;false;ocean;0
1481;202;5;0;sea;false;ocean;0
1482;203;5;0;sea;false;ocean;0
1483;204;5;0;sea;false;ocean;0
1484;205;5;0;sea;false;ocean;0
1485;206;5;0;sea;false;ocean;0
1486;207;5;0;sea;false;ocean;0
1487;208;5;0;sea;false;ocean;0
1488;209;5;0;sea;false;ocean;0
1489;210;5;0;sea;false;ocean;0
1490;211;5;0;sea;false;ocean;0
1491;212;5;0;sea;false;ocean;0
1492;213;5;0;sea;false;ocean;0
1493;214;5;0;sea;false;ocean;0
1494;215;5;0;sea;false;ocean;0
1495;216;5;0;sea;false;ocean;0
1496;217;5;0;sea;false;ocean;0
1497;218;5;0;sea;false;ocean;0
1498;219;5;0;sea;false;ocean;0
1499;220;5;0;sea;false;ocean;0
1500;221;5;0;sea;false;ocean;0
1501;222;5;0;sea;false;ocean;0
1502;223;5;0;sea;false;ocean;0
1503;224;5;0;sea;false;ocean;0
1504;225;5;0;sea;false;ocean;0
1505;226;5;0;sea;false;ocean;0
1506;227;5;0;sea;false;ocean;0
1507;228;5;0;sea;false;ocean;0
1508;229;5;0;sea;false;ocean;0
1509;230;5;0;sea;false;ocean;0
1510;231;5;0;sea;false;ocean;0
1511;232;5;0;sea;false;ocean;0
1512;233;5;0;sea;false;ocean;0
1513;234;5;0;sea;false;ocean;0
1514;235;5;0;sea;false;ocean;0
1515;236;5;0;sea;false;ocean;0
1516;237;5;0;sea;false;ocean;0
1517;238;5;0;sea;false;ocean;0
1518;239;5;0;sea;false;ocean;0
1519;240;5;0;sea;false;ocean;0
1520;241;5;0;sea;false;ocean;0
1521;242;5;0;sea;false;ocean;0
1522;243;5;0;sea;false;ocean;0
1523;244;5;0;sea;false;ocean;0
1524;245;5;0;sea;false;ocean;0
1525;246;5;0;sea;false;ocean;0
1526;247;5;0;sea;false;ocean;0
1527;248;5;0;sea;false;ocean;0
1528;249;5;0;sea;false;ocean;0
1529;250;5;0;sea;false;ocean;0
1530;251;5;0;sea;false;ocean;0
1531;252;5;0;sea;false;ocean;0
1532;253;5;0;sea;false;ocean;0
1533;254;5;0;sea;false;ocean;0
1534;255;5;0;sea;false;ocean;0
1535;0;6;0;sea;false;ocean;0
1536;1;6;0;sea;false;ocean;0
1537;2;6;0;sea;false;ocean;0
1538;3;6;0;sea;false;ocean;0
1539;4;6;0;sea;false;ocean;0
1540;5;6;0;sea;false;ocean;0
1541;6;6;0;sea;false;ocean;0
1542;7;6;0;sea;false;ocean;0
1543;8;6;0;sea;false;ocean;0
1544;9;6;0;sea;false;ocean;0
1545;10;6;0;sea;false;ocean;0
1546;11;6;0;sea;false;ocean;0
1547;12;6;0;sea;false;ocean;0
1548;13;6;0;sea;false;ocean;0
1549;14;6;0;sea;false;ocean;0
1550;15;6;0;sea;false;ocean;0
1551;16;6;0;sea;false;ocean;0
1552;17;6;0;sea;false;ocean;0
1553;18;6;0;sea;false;ocean;0
1554;19;6;0;sea;false;ocean;0
1555;20;6;0;sea;false;ocean;0
1556;21;6;0;sea;false;ocean;0
1557;22;6;0;sea;false;ocean;0
1558;23;6;0;sea;false;ocean;0
1559;24;6;0;sea;false;ocean;0
1560;25;6;0;sea;false;ocean;0
1561;26;6;0;sea;false;ocean;0
1562;27;6;0;sea;false;ocean;0
1563;28;6;0;sea;false;ocean;0
1564;29;6;0;sea;false;ocean;0
1565;30;6;0;sea;false;ocean;0
1566;31;6;0;sea;false;ocean;0
1567;32;6;0;sea;false;ocean;0
1568;33;6;0;sea;false;ocean;0
1569;34;6;0;sea;false;ocean;0
1570;35;6;0;sea;false;ocean;0
1571;36;6;0;sea;false;ocean;0
1572;37;6;0;sea;false;ocean;0
1573;38;6;0;sea;false;ocean;0
1574;39;6;0;sea;false;ocean;0
1575;40;6;0;sea;false;ocean;0
1576;41;6;0;sea;false;ocean;0
1577;42;6;0;sea;false;ocean;0
1578;43;6;0;sea;false;ocean;0
1579;44;6;0;sea;false;ocean;0
1580;45;6;0;sea;false;ocean;0
1581;46;6;0;sea;false;ocean;0
1582;47;6;0;sea;false;ocean;0
1583;48;6;0;sea;false;ocean;0
1584;49;6;0;sea;false;ocean;0
1585;50;6;0;sea;false;ocean;0
1586;51;6;0;sea;false;ocean;0
1587;52;6;0;sea;false;ocean;0
1588;53;6;0;sea;false;ocean;0
1589;54;6;0;sea;false;ocean;0
1590;55;6;0;sea;false;ocean;0
1591;56;6;0;sea;false;ocean;0
1592;57;6;0;sea;false;ocean;0
1593;58;6;0;sea;false;ocean;0
1594;59;6;0;sea;false;ocean;0
1595;60;6;0;sea;false;ocean;0
1596;61;6;0;sea;false;ocean;0
1597;62;6;0;sea;false;ocean;0
1598;63;6;0;sea;false;ocean;0
1599;64;6;0;sea;false;ocean;0
1600;65;6;0;sea;false;ocean;0
1601;66;6;0;sea;false;ocean;0
1602;67;6;0;sea;false;ocean;0
1603;68;6;0;sea;false;ocean;0
1604;69;6;0;sea;false;ocean;0
1605;70;6;0;sea;false;ocean;0
1606;71;6;0;sea;false;ocean;0
1607;72;6;0;sea;false;ocean;0
1608;73;6;0;sea;false;ocean;0
1609;74;6;0;sea;false;ocean;0
1610;75;6;0;sea;false;ocean;0
1611;76;6;0;sea;false;ocean;0
1612;77;6;0;sea;false;ocean;0
1613;78;6;0;sea;false;ocean;0
1614;79;6;0;sea;false;ocean;0
1615;80;6;0;sea;false;ocean;0
1616;81;6;0;sea;false;ocean;0
1617;82;6;0;sea;false;ocean;0
1618;83;6;0;sea;false;ocean;0
1619;84;6;0;sea;false;ocean;0
1620;85;6;0;sea;false;ocean;0
1621;86;6;0;sea;false;ocean;0
1622;87;6;0;sea;false;ocean;0
1623;88;6;0;sea;false;ocean;0
1624;89;6;0;sea;false;ocean;0
1625;90;6;0;sea;false;ocean;0
1626;91;6;0;sea;false;ocean;0
1627;92;6;0;sea;false;ocean;0
1628;93;6;0;sea;false;ocean;0
1629;94;6;0;sea;false;ocean;0
1630;95;6;0;sea;false;ocean;0
1631;96;6;0;sea;false;ocean;0
1632;97;6;0;sea;false;ocean;0
1633;98;6;0;sea;false;ocean;0
1634;99;6;0;sea;false;ocean;0
1635;100;6;0;sea;false;ocean;0
1636;101;6;0;sea;false;ocean;0
1637;102;6;0;sea;false;ocean;0
1638;103;6;0;sea;false;ocean;0
1639;104;6;0;sea;false;ocean;0
1640;105;6;0;sea;false;ocean;0
1641;106;6;0;sea;false;ocean;0
1642;107;6;0;sea;false;ocean;0
1643;108;6;0;sea;false;ocean;0
1644;109;6;0;sea;false;ocean;0
1645;110;6;0;sea;false;ocean;0
1646;111;6;0;sea;false;ocean;0
1647;112;6;0;sea;false;ocean;0
1648;113;6;0;sea;false;ocean;0
1649;114;6;0;sea;false;ocean;0
1650;115;6;0;sea;false;ocean;0
1651;116;6;0;sea;false;ocean;0
1652;117;6;0;sea;false;ocean;0
1653;118;6;0;sea;false;ocean;0
1654;119;6;0;sea;false;ocean;0
1655;120;6;0;sea;false;ocean;0
1656;121;6;0;sea;false;ocean;0
1657;122;6;0;sea;false;ocean;0
1658;123;6;0;sea;false;ocean;0
1659;124;6;0;sea;false;ocean;0
1660;125;6;0;sea;false;ocean;0
1661;126;6;0;sea;false;ocean;0
1662;127;6;0;sea;false;ocean;0
1663;128;6;0;sea;false;ocean;0
1664;129;6;0;sea;false;ocean;0
1665;130;6;0;sea;false;ocean;0
1666;131;6;0;sea;false;ocean;0
1667;132;6;0;sea;false;ocean;0
1668;133;6;0;sea;false;ocean;0
1669;134;6;0;sea;false;ocean;0
1670;135;6;0;sea;false;ocean;0
1671;136;6;0;sea;false;ocean;0
1672;137;6;0;sea;false;ocean;0
1673;138;6;0;sea;false;ocean;0
1674;139;6;0;sea;false;ocean;0
1675;140;6;0;sea;false;ocean;0
1676;141;6;0;sea;false;ocean;0
1677;142;6;0;sea;false;ocean;0
1678;143;6;0;sea;false;ocean;0
1679;144;6;0;sea;false;ocean;0
1680;145;6;0;sea;false;ocean;0
1681;146;6;0;sea;false;ocean;0
1682;147;6;0;sea;false;ocean;0
1683;148;6;0;sea;false;ocean;0
1684;149;6;0;sea;false;ocean;0
1685;150;6;0;sea;false;ocean;0
1686;151;6;0;sea;false;ocean;0
1687;152;6;0;sea;false;ocean;0
1688;153;6;0;sea;false;ocean;0
1689;154;6;0;sea;false;ocean;0
1690;155;6;0;sea;false;ocean;0
1691;156;6;0;sea;false;ocean;0
1692;157;6;0;sea;false;ocean;0
1693;158;6;0;sea;false;ocean;0
1694;159;6;0;sea;false;ocean;0
1695;160;6;0;sea;false;ocean;0
1696;161;6;0;sea;false;ocean;0
1697;162;6;0;sea;false;ocean;0
1698;163;6;0;sea;false;ocean;0
1699;164;6;0;sea;false;ocean;0
1700;165;6;0;sea;false;ocean;0
1701;166;6;0;sea;false;ocean;0
1702;167;6;0;sea;false;ocean;0
1703;168;6;0;sea;false;ocean;0
1704;169;6;0;sea;false;ocean;0
1705;170;6;0;sea;false;ocean;0
1706;171;6;0;sea;false;ocean;0
1707;172;6;0;sea;false;ocean;0
1708;173;6;0;sea;false;ocean;0
1709;174;6;0;sea;false;ocean;0
1710;175;6;0;sea;false;ocean;0
1711;176;6;0;sea;false;ocean;0
1712;177;6;0;sea;false;ocean;0
1713;178;6;0;sea;false;ocean;0
1714;179;6;0;sea;false;ocean;0
1715;180;6;0;sea;false;ocean;0
1716;181;6;0;sea;false;ocean;0
1717;182;6;0;sea;false;ocean;0
1718;183;6;0;sea;false;ocean;0
1719;184;6;0;sea;false;ocean;0
1720;185;6;0;sea;false;ocean;0
1721;186;6;0;sea;false;ocean;0
1722;187;6;0;sea;false;ocean;0
1723;188;6;0;sea;false;ocean;0
1724;189;6;0;sea;false;ocean;0
1725;190;6;0;sea;false;ocean;0
1726;191;6;0;sea;false;ocean;0
1727;192;6;0;sea;false;ocean;0
1728;193;6;0;sea;false;ocean;0
1729;194;6;0;sea;false;ocean;0
1730;195;6;0;sea;false;ocean;0
1731;196;6;0;sea;false;ocean;0
1732;197;6;0;sea;false;ocean;0
1733;198;6;0;sea;false;ocean;0
1734;199;6;0;sea;false;ocean;0
1735;200;6;0;sea;false;ocean;0
1736;201;6;0;sea;false;ocean;0
1737;202;6;0;sea;false;ocean;0
1738;203;6;0;sea;false;ocean;0
1739;204;6;0;sea;false;ocean;0
1740;205;6;0;sea;false;ocean;0
1741;206;6;0;sea;false;ocean;0
1742;207;6;0;sea;false;ocean;0
1743;208;6;0;sea;false;ocean;0
1744;209;6;0;sea;false;ocean;0
1745;210;6;0;sea;false;ocean;0
1746;211;6;0;sea;false;ocean;0
1747;212;6;0;sea;false;ocean;0
1748;213;6;0;sea;false;ocean;0
1749;214;6;0;sea;false;ocean;0
1750;215;6;0;sea;false;ocean;0
1751;216;6;0;sea;false;ocean;0
1752;217;6;0;sea;false;ocean;0
1753;218;6;0;sea;false;ocean;0
1754;219;6;0;sea;false;ocean;0
1755;220;6;0;sea;false;ocean;0
1756;221;6;0;sea;false;ocean;0
1757;222;6;0;sea;false;ocean;0
1758;223;6;0;sea;false;ocean;0
1759;224;6;0;sea;false;ocean;0
1760;225;6;0;sea;false;ocean;0
1761;226;6;0;sea;false;ocean;0
1762;227;6;0;sea;false;ocean;0
1763;228;6;0;sea;false;ocean;0
1764;229;6;0;sea;false;ocean;0
1765;230;6;0;sea;false;ocean;0
1766;231;6;0;sea;false;ocean;0
1767;232;6;0;sea;false;ocean;0
1768;233;6;0;sea;false;ocean;0
1769;234;6;0;sea;false;ocean;0
1770;235;6;0;sea;false;ocean;0
1771;236;6;0;sea;false;ocean;0
1772;237;6;0;sea;false;ocean;0
1773;238;6;0;sea;false;ocean;0
1774;239;6;0;sea;false;ocean;0
1775;240;6;0;sea;false;ocean;0
1776;241;6;0;sea;false;ocean;0
1777;242;6;0;sea;false;ocean;0
1778;243;6;0;sea;false;ocean;0
1779;244;6;0;sea;false;ocean;0
1780;245;6;0;sea;false;ocean;0
1781;246;6;0;sea;false;ocean;0
1782;247;6;0;sea;false;ocean;0
1783;248;6;0;sea;false;ocean;0
1784;249;6;0;sea;false;ocean;0
1785;250;6;0;sea;false;ocean;0
1786;251;6;0;sea;false;ocean;0
1787;252;6;0;sea;false;ocean;0
1788;253;6;0;sea;false;ocean;0
1789;254;6;0;sea;false;ocean;0
1790;255;6;0;sea;false;ocean;0
1791;0;7;0;sea;false;ocean;0
1792;1;7;0;sea;false;ocean;0
1793;2;7;0;sea;false;ocean;0
1794;3;7;0;sea;false;ocean;0
1795;4;7;0;sea;false;ocean;0
1796;5;7;0;sea;false;ocean;0
1797;6;7;0;sea;false;ocean;0
1798;7;7;0;sea;false;ocean;0
1799;8;7;0;sea;false;ocean;0
1800;9;7;0;sea;false;ocean;0
1801;10;7;0;sea;false;ocean;0
1802;11;7;0;sea;false;ocean;0
1803;12;7;0;sea;false;ocean;0
1804;13;7;0;sea;false;ocean;0
1805;14;7;0;sea;false;ocean;0
1806;15;7;0;sea;false;ocean;0
1807;16;7;0;sea;false;ocean;0
1808;17;7;0;sea;false;ocean;0
1809;18;7;0;sea;false;ocean;0
1810;19;7;0;sea;false;ocean;0
1811;20;7;0;sea;false;ocean;0
1812;21;7;0;sea;false;ocean;0
1813;22;7;0;sea;false;ocean;0
1814;23;7;0;sea;false;ocean;0
1815;24;7;0;sea;false;ocean;0
1816;25;7;0;sea;false;ocean;0
1817;26;7;0;sea;false;ocean;0
1818;27;7;0;sea;false;ocean;0
1819;28;7;0;sea;false;ocean;0
1820;29;7;0;sea;false;ocean;0
1821;30;7;0;sea;false;ocean;0
1822;31;7;0;sea;false;ocean;0
1823;32;7;0;sea;false;ocean;0
1824;33;7;0;sea;false;ocean;0
1825;34;7;0;sea;false;ocean;0
1826;35;7;0;sea;false;ocean;0
1827;36;7;0;sea;false;ocean;0
1828;37;7;0;sea;false;ocean;0
1829;38;7;0;sea;false;ocean;0
1830;39;7;0;sea;false;ocean;0
1831;40;7;0;sea;false;ocean;0
1832;41;7;0;sea;false;ocean;0
1833;42;7;0;sea;false;ocean;0
1834;43;7;0;sea;false;ocean;0
1835;44;7;0;sea;false;ocean;0
1836;45;7;0;sea;false;ocean;0
1837;46;7;0;sea;false;ocean;0
1838;47;7;0;sea;false;ocean;0
1839;48;7;0;sea;false;ocean;0
1840;49;7;0;sea;false;ocean;0
1841;50;7;0;sea;false;ocean;0
1842;51;7;0;sea;false;ocean;0
1843;52;7;0;sea;false;ocean;0
1844;53;7;0;sea;false;ocean;0
1845;54;7;0;sea;false;ocean;0
1846;55;7;0;sea;false;ocean;0
1847;56;7;0;sea;false;ocean;0
1848;57;7;0;sea;false;ocean;0
1849;58;7;0;sea;false;ocean;0
1850;59;7;0;sea;false;ocean;0
1851;60;7;0;sea;false;ocean;0
1852;61;7;0;sea;false;ocean;0
1853;62;7;0;sea;false;ocean;0
1854;63;7;0;sea;false;ocean;0
1855;64;7;0;sea;false;ocean;0
1856;65;7;0;sea;false;ocean;0
1857;66;7;0;sea;false;ocean;0
1858;67;7;0;sea;false;ocean;0
1859;68;7;0;sea;false;ocean;0
1860;69;7;0;sea;false;ocean;0
1861;70;7;0;sea;false;ocean;0
1862;71;7;0;sea;false;ocean;0
1863;72;7;0;sea;false;ocean;0
1864;73;7;0;sea;false;ocean;0
1865;74;7;0;sea;false;ocean;0
1866;75;7;0;sea;false;ocean;0
1867;76;7;0;sea;false;ocean;0
1868;77;7;0;sea;false;ocean;0
1869;78;7;0;sea;false;ocean;0
1870;79;7;0;sea;false;ocean;0
1871;80;7;0;sea;false;ocean;0
1872;81;7;0;sea;false;ocean;0
1873;82;7;0;sea;false;ocean;0
1874;83;7;0;sea;false;ocean;0
1875;84;7;0;sea;false;ocean;0
1876;85;7;0;sea;false;ocean;0
1877;86;7;0;sea;false;ocean;0
1878;87;7;0;sea;false;ocean;0
1879;88;7;0;sea;false;ocean;0
1880;89;7;0;sea;false;ocean;0
1881;90;7;0;sea;false;ocean;0
1882;91;7;0;sea;false;ocean;0
1883;92;7;0;sea;false;ocean;0
1884;93;7;0;sea;false;ocean;0
1885;94;7;0;sea;false;ocean;0
1886;95;7;0;sea;false;ocean;0
1887;96;7;0;sea;false;ocean;0
1888;97;7;0;sea;false;ocean;0
1889;98;7;0;sea;false;ocean;0
1890;99;7;0;sea;false;ocean;0
1891;100;7;0;sea;false;ocean;0
1892;101;7;0;sea;false;ocean;0
1893;102;7;0;sea;false;ocean;0
1894;103;7;0;sea;false;ocean;0
1895;104;7;0;sea;false;ocean;0
1896;105;7;0;sea;false;ocean;0
1897;106;7;0;sea;false;ocean;0
1898;107;7;0;sea;false;ocean;0
1899;108;7;0;sea;false;ocean;0
1900;109;7;0;sea;false;ocean;0
1901;110;7;0;sea;false;ocean;0
1902;111;7;0;sea;false;ocean;0
1903;112;7;0;sea;false;ocean;0
1904;113;7;0;sea;false;ocean;0
1905;114;7;0;sea;false;ocean;0
1906;115;7;0;sea;false;ocean;0
1907;116;7;0;sea;false;ocean;0
1908;117;7;0;sea;false;ocean;0
1909;118;7;0;sea;false;ocean;0
1910;119;7;0;sea;false;ocean;0
1911;120;7;0;sea;false;ocean;0
1912;121;7;0;sea;false;ocean;0
1913;122;7;0;sea;false;ocean;0
1914;123;7;0;sea;false;ocean;0
1915;124;7;0;sea;false;ocean;0
1916;125;7;0;sea;false;ocean;0
1917;126;7;0;sea;false;ocean;0
1918;127;7;0;sea;false;ocean;0
1919;128;7;0;sea;false;ocean;0
1920;129;7;0;sea;false;ocean;0
1921;130;7;0;sea;false;ocean;0
1922;131;7;0;sea;false;ocean;0
1923;132;7;0;sea;false;ocean;0
1924;133;7;0;sea;false;ocean;0
1925;134;7;0;sea;false;ocean;0
1926;135;7;0;sea;false;ocean;0
1927;136;7;0;sea;false;ocean;0
1928;137;7;0;sea;false;ocean;0
1929;138;7;0;sea;false;ocean;0
1930;139;7;0;sea;false;ocean;0
1931;140;7;0;sea;false;ocean;0
1932;141;7;0;sea;false;ocean;0
1933;142;7;0;sea;false;ocean;0
1934;143;7;0;sea;false;ocean;0
1935;144;7;0;sea;false;ocean;0
1936;145;7;0;sea;false;ocean;0
1937;146;7;0;sea;false;ocean;0
1938;147;7;0;sea;false;ocean;0
1939;148;7;0;sea;false;ocean;0
1940;149;7;0;sea;false;ocean;0
1941;150;7;0;sea;false;ocean;0
1942;151;7;0;sea;false;ocean;0
1943;152;7;0;sea;false;ocean;0
1944;153;7;0;sea;false;ocean;0
1945;154;7;0;sea;false;ocean;0
1946;155;7;0;sea;false;ocean;0
1947;156;7;0;sea;false;ocean;0
1948;157;7;0;sea;false;ocean;0
1949;158;7;0;sea;false;ocean;0
1950;159;7;0;sea;false;ocean;0
1951;160;7;0;sea;false;ocean;0
1952;161;7;0;sea;false;ocean;0
1953;162;7;0;sea;false;ocean;0
1954;163;7;0;sea;false;ocean;0
1955;164;7;0;sea;false;ocean;0
1956;165;7;0;sea;false;ocean;0
1957;166;7;0;sea;false;ocean;0
1958;167;7;0;sea;false;ocean;0
1959;168;7;0;sea;false;ocean;0
1960;169;7;0;sea;false;ocean;0
1961;170;7;0;sea;false;ocean;0
1962;171;7;0;sea;false;ocean;0
1963;172;7;0;sea;false;ocean;0
1964;173;7;0;sea;false;ocean;0
1965;174;7;0;sea;false;ocean;0
1966;175;7;0;sea;false;ocean;0
1967;176;7;0;sea;false;ocean;0
1968;177;7;0;sea;false;ocean;0
1969;178;7;0;sea;false;ocean;0
1970;179;7;0;sea;false;ocean;0
1971;180;7;0;sea;false;ocean;0
1972;181;7;0;sea;false;ocean;0
1973;182;7;0;sea;false;ocean;0
1974;183;7;0;sea;false;ocean;0
1975;184;7;0;sea;false;ocean;0
1976;185;7;0;sea;false;ocean;0
1977;186;7;0;sea;false;ocean;0
1978;187;7;0;sea;false;ocean;0
1979;188;7;0;sea;false;ocean;0
1980;189;7;0;sea;false;ocean;0
1981;190;7;0;sea;false;ocean;0
1982;191;7;0;sea;false;ocean;0
1983;192;7;0;sea;false;ocean;0
1984;193;7;0;sea;false;ocean;0
1985;194;7;0;sea;false;ocean;0
1986;195;7;0;sea;false;ocean;0
1987;196;7;0;sea;false;ocean;0
1988;197;7;0;sea;false;ocean;0
1989;198;7;0;sea;false;ocean;0
1990;199;7;0;sea;false;ocean;0
1991;200;7;0;sea;false;ocean;0
1992;201;7;0;sea;false;ocean;0
1993;202;7;0;sea;false;ocean;0
1994;203;7;0;sea;false;ocean;0
1995;204;7;0;sea;false;ocean;0
1996;205;7;0;sea;false;ocean;0
1997;206;7;0;sea;false;ocean;0
1998;207;7;0;sea;false;ocean;0
1999;208;7;0;sea;false;ocean;0
2000;209;7;0;sea;false;ocean;0
2001;210;7;0;sea;false;ocean;0
2002;211;7;0;sea;false;ocean;0
2003;212;7;0;sea;false;ocean;0
2004;213;7;0;sea;false;ocean;0
2005;214;7;0;sea;false;ocean;0
2006;215;7;0;sea;false;ocean;0
2007;216;7;0;sea;false;ocean;0
2008;217;7;0;sea;false;ocean;0
2009;218;7;0;sea;false;ocean;0
2010;219;7;0;sea;false;ocean;0
2011;220;7;0;sea;false;ocean;0
2012;221;7;0;sea;false;ocean;0
2013;222;7;0;sea;false;ocean;0
2014;223;7;0;sea;false;ocean;0
2015;224;7;0;sea;false;ocean;0
2016;225;7;0;sea;false;ocean;0
2017;226;7;0;sea;false;ocean;0
2018;227;7;0;sea;false;ocean;0
2019;228;7;0;sea;false;ocean;0
2020;229;7;0;sea;false;ocean;0
2021;230;7;0;sea;false;ocean;0
2022;231;7;0;sea;false;ocean;0
2023;232;7;0;sea;false;ocean;0
2024;233;7;0;sea;false;ocean;0
2025;234;7;0;sea;false;ocean;0
2026;235;7;0;sea;false;ocean;0
2027;236;7;0;sea;false;ocean;0
2028;237;7;0;sea;false;ocean;0
2029;238;7;0;sea;false;ocean;0
2030;239;7;0;sea;false;ocean;0
2031;240;7;0;sea;false;ocean;0
2032;241;7;0;sea;false;ocean;0
2033;242;7;0;sea;false;ocean;0
2034;243;7;0;sea;false;ocean;0
2035;244;7;0;sea;false;ocean;0
2036;245;7;0;sea;false;ocean;0
2037;246;7;0;sea;false;ocean;0
2038;247;7;0;sea;false;ocean;0
2039;248;7;0;sea;false;ocean;0
2040;249;7;0;sea;false;ocean;0
2041;250;7;0;sea;false;ocean;0
2042;251;7;0;sea;false;ocean;0
2043;252;7;0;sea;false;ocean;0
2044;253;7;0;sea;false;ocean;0
2045;254;7;0;sea;false;ocean;0
2046;255;7;0;sea;false;ocean;0
2047;0;8;0;sea;false;ocean;0
2048;1;8;0;sea;false;ocean;0
